model,fold,n_validation,events_validation,auroc,auprc,brier
combined_metadata_thumbnail_features,1,2003,364,0.8266582410877713,0.4176556616933895,0.17537057894807193
combined_metadata_thumbnail_features,2,2003,365,0.8248097412480975,0.4291560758952274,0.1759679194086243
combined_metadata_thumbnail_features,3,2003,365,0.8274156589225082,0.44538431813515833,0.17738723817381427
combined_metadata_thumbnail_features,4,2003,365,0.8438640507133656,0.4677597046918845,0.16962741668286851
combined_metadata_thumbnail_features,5,2003,365,0.8346379647749511,0.44084186784578583,0.17305080057546926
